Kinase,SEQ
FES,IGRGNFGEVAKVRLIVMELVQGGDFLTDARNLSDFG
ABL2,LGGGQYGEVAKVQLIVTEYMPYGNLLDDARNLADFG
BMX,LGSGQFGVVAKVKFIVTEYISNGCLLNDARNLSDFG
TEC,LGSGLFGVVAKVQLIVTEFMERGCLLNDARNLSDFG
IGF1R,LGQGSFGMVAKVRLVIMELMTRGDLKSDARNMGDFG
TYK2,LGQGTRTNVVKAFVMVTEYVEHGPLDVNCRNLSDPG
ZAK,CGGGSFGSVAKIQFIVTEYASLGSLYDDKRNVCDFG
STK24,IGKGSFGEVAKTKYIIMEYLGGGSALDDKANLADFG
MST4,IGKGSFGEVAKTKYIIMEYLGGGSALDDKANLADFG
MAP4K4,LGRGSFGEVAKVPLIFMELLEGGSLGQDKDNLCDFG
SLK,LGDGAFGKVAKVKLILIEFCAGGAVDADKGNLADFG
STK10,LGDGAFGKVAKVKLIMIEFCPGGAVDADKGNLADFG
PAK4,IGEGSTGIVAKVEMVVMEFLEGGALTDDKDSLSDFG
PKMYT1,LGHGSYGEVAKVRLLQTELCGPSLQQHDKANFGDFG
VRK1,IGQGGFGCIVKPKYMIMDRFGSDLQKIDKSNLVDYG
PLK4,LGKGSFAGVAKLELLVLEMCHNGEMNRDTSNLADFG
TLK1,LGRGGFSEVAKVKLTVLEYCEGNDLDFDKGNLTDFG
ADRBK1,IGRGGFGEVAKVCMFILDLMNGGDLHYDKANLSDLG
ADRBK2,IGRGGFGEVAKVCMFILDLMNGGDLHYDKANLSDLG
GRK5,LGKGGFGEVAKVNLLVLTIMNGGDLKFDKENLSDLG
PDPK1,LGEGSFSTVAKVKLFGLSYAKNGELLKDKENLTDFG
RPS6KA1,LGQGSYGKVAKVKLLILDFLRGGDLFTDKENLTDFG
RPS6KA6,LGQGSFGKVAKVKLLILDFLRGGDVFTDKENLTDFG
AKT3,LGKGTFGKVAKTSLFVMEYVNGGELFFDKENMTDFG
STK38L,IGRGAFGEVAKVKMLIMEFLPGGDMMTDKDNLSDFG
STK32A,IGKGSFGKVAKVNLMVVDLLLGGDLRYDKDNLTDFN
CHEK2,LGSGACGEVAKIKIIVLELMEGGELFDDKENLTDFG
DCLK1,IGDGNFAVVAKVLLLVMELVKGGDLFDDKENLGDFG
PHKG2,IGRGVSSVVAKITLLVFDLMRKGELFDDKENLSDFG
CAMK2A,LGKGAFSVVAKVRLLIFDLVTGGELFEDKENLADFG
STK33,LGKGSFGIVAKIHLLVMELCEDGELKEDKENMTDFG
SNF1LK2,LGKGNFAVVAKIKLLVTEYAKNGEIFDDKENLADFG
PRKAA1,LGVGTFGKVAKIKLMVMEYVSGGELFDDKENLADFG
PRKAA2,LGVGTFGKVAKIKLMVMEYVSGGELFDDKENLADFG
STK17A,LGRGKFAVVAKINLLVLEYAAGGEIFDDKQNLVDFG
STK17B,LGRGKFAVVAKINLLILEYAAGGEIFSDKQNLVDFG
PIM2,LGKGGFGTVAKIRLLVLERPLPAQDLFDKENLIDFG
PIM3,LGSGGFGTVAKIRLLVLERPEPAQDLFDKENLIDFG
PIM1,LGSGGFGSVAKIRLLILERPEPVQDLFDKENLIDFG
NEK1,IGEGSFGKAVKVQYIVMDYCEGGDLFKDKQNFGDFG
NEK2,IGTGSYGRCVKVRYIVMEYCEGGDLASDKANFGDFG
CAMKK2,IGKGSYGVVAKVKLMVFELVNQGPVMEDKSNLADFG
STK16,LGEGGFSYVAKLRLLLLPFFKRGTLWNDKTNLMDLG
GAK,LAEGGFAFVAKVQFLLTELCKGQLVEFDKENLCDFG
AAK1,LAEGGFAIVAKVGYILMDFCRGGQVVNDKENLCDFG
CDK9,IGQGTFGEVAKVNLLVFDFCEHDLAGLDKANLADFG
CDK2,IGEGTYGVVAKVKLLVFEFLHQDLKKFDKQNLADFG
MAPK8,IGSGAQGIVAKIGLIVMELMDANLCQVDKSNVLDFG
MAPK3,IGEGAYGMVAKIGIIVQDLMETDLYKLDKSNLCDFG
MAPK7,IGNGAYGVVAKIAIVVLDLMESDLHQIDKSNLGDFG
CDKL1,IGEGSYGVVAKVNLLVFEYCDHTVLHEDKENLCDFG
SRPK1,LGWGHFSTVAKVQLMVFEVLGHHLLKWDKENLADLG
SRPK2,LGWGHFSTVAKVQLMVFEVLGHHLLKWDKENLADLG
CLK3,LGEGTFGKVAKVLMIAFELLGKNTFEFDKENLADFG
CLK4,LGEGAFGKVAKVQMIVFELLGLSTYDFDKENLVDFG
DYRK1A,IGKGSFGQVAKVHLLVFEMLSYNLYDLDKENLVDFG
DYRK2,IGKGSFGQVAKIHMMTFELLSMNLYELDKENLIDFG
CDC7,IGEGTFSSVAKVKYIAMPYLEHESFLDDKSNLVDFG
TTK,IGSGGSSKVAKIRLMVMECGNIDLNSWDKANLIDFG
S6K2,LGKGGYGKVAKVELLILECLSGGELFTDKENMTDFG
